location_id,scenario_counter,x,y,global_time,scene_sampling_time,semantic_scene_construction_time,condition_wise_rendering_time,pipeline_time
0,283169,1207.2868868359246,-335.324057403712,34.1543587,0.00037399999999987443,5.228784600000001,22.451330100000003,27.680493600000002
1,1085115,1259.077056098733,-400.04102078435903,64.6442284,0.0002896000000021104,3.776643199999995,23.165916700000004,26.942854199999992
2,822340,-1061.683326994314,-687.0164754202606,97.4273055,0.00030190000001084627,7.437150200000005,22.123751899999988,29.5612093
3,2671938,1150.345254751021,-1969.991152636727,136.9330318,0.0003513999999995576,11.8180294,24.388873199999992,36.20726189999999
4,26157,-916.9570425681098,602.1629122005761,169.935379,0.0003523000000029697,6.141360700000007,22.982146400000005,29.123866700000008
5,503341,-513.3739366925226,-2014.1561789042162,201.2527762,0.00018840000001318913,4.695047200000005,22.690599300000002,27.385840400000006
6,8101060,-85.12664334376609,668.2865722915571,239.2846722,0.0003834000000040305,10.459555999999992,23.860261700000024,34.32020690000002
7,633568,-134.91307071710435,35.30969787655067,272.55595189999997,0.000400899999988269,6.441900599999997,23.162001300000014,29.6043095
8,3471857,844.6781959980094,926.7793364023387,306.58260299999995,0.00030129999998962376,7.035145699999987,24.132729900000015,31.168188499999985
9,83287,-487.157202684151,-1552.2290668101105,339.70969219999995,0.000212200000021312,5.370689499999969,23.6707763,29.041683799999987
10,8931123,-746.1453446337083,-1613.5712346476564,372.0903605,0.0002605999999900632,6.1363836999999535,22.532446499999992,28.669098700000006
11,103878,207.2115110646646,203.74151918907546,406.7183573,0.00037359999998898274,7.7893691000000445,23.806095999999968,31.59584369999999
12,822541,1249.0592238941572,-1427.8902423416512,443.4624889,0.0004417000000103144,8.477325599999972,24.13316260000005,32.61094969999999
13,264117,-525.7806805418705,-339.1017895881132,480.1366619,0.0003060999999888736,7.678173000000015,25.192952900000023,32.8714382
14,7861164,-866.378931992981,-2176.975389622979,519.4431067,0.00036199999999553256,11.111083800000017,24.164953300000036,35.276404699999944
15,825566,-297.5083629739794,1028.2221180591623,553.2925748,0.00047580000000380096,5.484615599999984,24.205269699999917,29.690367599999945
16,866667,178.9629866074706,-2026.8537523730372,587.6543567,0.0003586999999924956,7.512380000000007,23.216314900000043,30.72906349999994
17,5941292,-89.61728585001742,-1689.3368935990884,623.2258134,0.00022709999996095576,6.435717700000055,24.79567809999992,31.23163020000004
18,8951289,-1122.8589060094907,-963.4125128003773,658.0932127,0.0003490999999939959,5.638938499999995,24.889377399999944,30.528672400000005
19,700886,641.8138909572549,-1840.1283994570065,689.4138942000001,0.00025199999993219535,3.0966289000000415,23.92046479999999,27.01735199999996
20,1113661,-709.3038036188045,-399.7792034319052,727.0308569,0.0005009999999856518,9.281450899999982,24.531902299999956,33.81385990000001
21,13313,439.66707522127444,1063.8675602210847,762.1550307,0.0002292999998871892,7.8447265999999445,23.870820600000002,31.715782000000104
22,1139300,-261.84383121048927,772.9009529097661,797.7634317000001,0.00038749999998799467,7.577240300000085,23.933909900000003,31.511542200000008
23,66384,-259.70702158194035,50.07738048558804,830.896786,0.00021300000003066089,5.7767092000000275,23.803000999999995,29.57992950000005
24,11691861,-526.7422629379819,-955.1448743572241,864.0707236000001,0.0002982999999403546,5.842358999999988,23.227373299999954,29.070036999999957
25,12481137,819.6664816879995,-1633.0797466656309,897.980218,0.00023529999998572748,7.194822499999987,23.216005999999993,30.411069999999995
26,1751925,-237.9225264946706,1046.2605535142152,933.6971959,0.0004017999999632593,6.621812400000067,24.6266842,31.248906799999986
27,306812,-548.8695171042227,816.8726459280579,970.5955033,0.0003503000000364409,8.956468700000073,23.85672139999997,32.81354669999996
28,4331156,-191.37119980563307,-19.473538101000486,1002.6160435,0.00018560000000888977,4.24564190000001,24.054639599999973,28.300473499999953
29,808106,-61.18183082077462,-190.24952519755175,1034.9290756,0.00037859999997635896,5.78200019999997,23.16560019999997,28.947986400000104
30,942708,1017.596993092774,216.18473283778212,1068.9335857,0.0002545999998346815,5.962450900000022,24.107623800000056,30.070335699999987
31,9001412,-710.6137017746605,47.70009446054337,1102.67339,0.00034330000016780104,5.008225899999843,24.78262679999989,29.791219400000045
32,2001016,959.7363767131174,-734.9378085686883,1136.5372992,0.0002967999998872983,6.312557200000128,23.433617299999923,29.746477499999855
33,12721092,-64.02061339467878,7.521948985451218,1168.0148346,0.0002520000000458822,4.132028399999854,23.128740400000197,27.261027600000034
34,284849,1153.9783025739193,-1185.6642048960614,1200.7646195,0.00026789999992615776,4.781586699999934,23.968889799999943,28.750750400000015
35,1052898,-114.71437442839078,1114.8451929499133,1233.7355967,0.00024780000012469827,4.604048999999804,23.826737500000036,28.431039800000008
36,878245,794.0024567754228,-419.60627993285425,1266.5924014,0.00034319999986109906,5.269881400000031,24.107832199999848,29.378065099999958
37,1028396,403.41815622258196,457.5123455778862,1301.1467584,0.0002844000000550295,6.340433200000007,24.33238090000009,30.673103899999887
38,972459,-510.5672631763524,920.4522513343741,1331.2022628,0.0002248999999210355,2.8329429000000346,23.64799139999991,26.481164199999967
39,173704,1389.5102506832022,-1151.5985493991298,1362.4137474,0.0002199000000473461,4.1287534000000505,23.63203129999988,27.761011000000053
40,387253,629.7526257298939,-1531.6432482261102,1396.8867375,0.0001912000000174885,5.2348804000000655,24.68090260000008,29.915980699999864
41,793595,-646.2759316524939,-1193.46371973327,1433.2274562,0.0002836999999544787,6.888220300000057,25.233714799999916,32.122225399999934
42,706443,1068.4682359589697,-1055.0527344840766,1463.3206906,0.00034899999991466757,2.9293188000001464,23.17262249999999,26.102297399999998
43,1043219,637.1546559810649,-1981.1104370449102,1495.4714435,0.00022769999986849143,4.355450599999813,23.794530899999927,28.15021589999992
44,1024696,88.58418268164837,-1811.3634470900531,1526.6381696,0.00041290000012850214,4.568289800000002,22.98859369999991,27.55730430000017
45,947707,931.7871133136318,-251.51141265378828,1562.0832033,0.00024450000000797445,11.308523199999854,20.21018809999987,31.518963499999927
46,316959,-573.8764377584056,-1207.2468641177265,1594.8956705,0.0003793000000769098,5.161279800000102,23.46559819999993,28.62726429999998
47,1190669,733.3353040102493,987.5490613198572,1628.8129527,0.00028449999990698416,7.25257160000001,23.009629399999994,30.262491400000044
48,50328,-184.2738012604242,-871.1195702577913,1661.3145563,0.00022889999991093646,5.938485599999922,23.180159700000104,29.1188810000001
0,10421340,-1016.7118339070537,-1602.2412671363836,37.7633559,0.0005194999999993399,6.6653164,22.470014900000002,29.135856699999998
1,112274,421.18709847708055,-1597.134581631612,69.511891,0.00018370000000089703,5.8010065,22.459633500000002,28.260830500000004
2,13731116,905.0707643262563,614.4480570650176,99.53365240000001,0.0002195999999941023,3.8542335000000065,22.334205400000002,26.1886657
3,1331971,-1196.8139213115167,-1714.2283684106712,127.2044309,0.0002904999999913116,2.1132877000000008,22.186279,24.299864099999994
4,4612090,-913.4167830148417,726.8947458831744,158.4114943,0.0001967999999976655,5.790298300000018,21.88792669999998,27.678427200000016
5,4321826,-1073.3407753925517,-468.56695307179507,190.8929914,0.00024080000000026303,6.148589399999992,22.867945399999996,29.016780100000005
6,1291257,-1152.127362265142,145.51631775016585,224.0880961,0.0002512000000081116,6.392205400000023,23.163151400000004,29.55561399999999
7,1156798,345.9590255800215,-1313.1223485915284,258.99558079999997,0.0002192999999977019,8.089062000000013,23.280845099999993,31.370134500000006
8,317152,-503.2092407706973,-1280.4561157120534,290.2714758,0.0005044000000111737,4.701667199999974,23.0038045,27.705983900000035
9,6771367,-458.5088069323625,-1026.992415241112,325.19508809999996,0.00019570000000612708,7.2981628,23.788107700000012,31.086471399999994
10,11161234,-304.9901826549918,-739.0927535781836,355.7990951,0.00025870000001759763,4.530172499999992,22.4057995,26.936236699999995
11,177355,-272.7282974368219,353.4175985903116,389.3959228,0.000256299999989551,6.454756900000007,23.50237470000002,29.957394899999997
12,252373,977.1276441573305,-1993.8458572551954,421.5997749,0.00030209999999897263,5.2860218000000145,23.2160432,28.502375700000016
13,18129,1122.8707154012586,-1399.4196956977296,453.0460022,0.0001886000000013155,4.464601900000048,22.91430600000001,27.37910260000001
14,216276,-1162.5154154171682,-964.3331861352563,483.9552768,0.0002977999999984604,3.7561820999999895,23.290604099999996,27.04710640000002
15,1972113,-1062.982904124109,-2133.5324049622823,518.2658426,0.00036920000002282904,7.602855799999986,23.160695600000054,30.763926099999992
16,842782,-843.5324894629679,190.1659393529976,552.1672037000001,0.00023029999999835127,6.642125899999996,23.367727999999943,30.010090200000036
17,29933,-929.3767790522515,930.9374687845088,585.6866322000001,0.000367999999980384,6.36034450000011,23.260588799999937,29.62133289999997
18,1197596,1056.5456095782947,-1232.7145993529916,620.4643283,0.0002563000000463944,6.399737899999991,24.60788649999995,31.00788799999998
19,9411371,-110.85876479423496,431.074012457821,657.4105664,0.0002173000000311731,9.196419799999944,24.4100555,33.60670030000006
20,8021540,-635.0513537424216,820.9141705735437,692.7832459,0.0004996000000119238,7.68681939999999,23.89052289999995,31.577852400000097
21,821008,209.19175328011465,80.17740827589341,729.8089185,0.0003739999999652355,6.663043000000016,26.546158200000036,33.20958209999992
22,2791272,-470.39698963966225,-1205.29915339721,764.0136765000001,0.0002671999999392938,5.892951700000026,24.32629320000001,30.219520999999986
23,834142,1259.4235282985637,-1825.017667326642,797.5361506,0.0001890999999432097,4.7931392000000415,24.981700300000057,29.77503349999995
24,484892,823.177528049946,-683.3443766454513,836.4974646000001,0.00042589999998199346,8.849382799999944,26.27273910000008,35.12257320000003
25,128173,1393.4349585166242,-1617.3211685082474,870.6115979,0.00028690000010556105,6.478942699999948,23.81374310000001,30.293003100000078
26,5921304,-687.0213474461972,-1402.8814465254359,903.6922815,0.0003773000000819593,5.3188994999999295,24.025208599999928,29.344495399999914
27,931715,-983.3741266911654,-473.36209820966064,936.8467855,0.00021830000002864836,5.783049600000027,23.294185999999968,29.077462200000014
28,2801188,1189.002821483246,-1887.3037253839118,970.8937245000001,0.0002408999999943262,6.5846431999999595,23.47785660000011,30.062748600000077
29,1183290,-129.64523331580676,952.7238371607841,1003.8175777,0.00032690000000457076,5.299417100000028,23.702869000000078,29.002621800000043
30,370917,-340.08792816610446,-661.120835137946,1035.8029457,0.000293000000056054,3.5279974999999695,24.25443699999994,27.782733599999915
31,9061128,935.4949724854641,533.8165513500239,1068.4670019999999,0.000410899999906178,4.745188899999903,23.38962820000006,28.135235700000067
32,513333,-1121.1785745423115,1125.751682928655,1104.3362697999999,0.0002171999999518448,8.087857299999996,23.948148400000036,32.03622919999998
33,5521965,-208.08689645813752,772.2747684924857,1141.2718284999999,0.0002670999999736523,8.267323100000112,24.992761299999984,33.26035900000011
34,1355458,-516.0049914903716,-1725.2271437536592,1174.5264452,0.00022960000001148728,5.102129899999909,24.011608300000034,29.11397369999986
35,1641078,830.9859326576673,-1519.8391627338494,1206.9481532,0.00020820000008825446,5.589192599999933,23.154551999999967,28.743958199999952
36,1096784,1091.6237556486926,5.21189841485193,1238.7106225,0.00029700000004595495,5.112377300000162,23.454966000000013,28.567648999999847
37,535315,547.9896488876695,-1724.2969047868323,1272.9082351,0.00021119999996699335,6.447147600000108,24.254772900000034,30.702137700000094
38,4152,648.104824594295,-587.0200945076147,1305.5155418,0.00047230000018316787,4.545403699999952,23.99584989999994,28.541731400000117
39,213799,-519.6258913252847,935.664944101416,1337.965933,0.000324099999943428,5.239407599999822,23.47310400000015,28.71284179999998
40,229142,-729.8638225180428,-1238.8613547365444,1370.9443506999999,0.00043890000006285845,5.807064899999887,23.34696789999998,29.154477499999985
41,976561,136.61785373891826,849.6487009375978,1404.3439592,0.00023299999998016574,4.80484690000003,24.558777700000064,29.363863000000038
42,1151280,315.00227770257675,-671.6753220371961,1439.9749465,0.00038530000006176124,7.036755699999958,24.763248900000008,31.800395799999933
43,1385517,1064.5832413671956,-173.0977941546828,1474.5363244,0.0003284000001713139,6.3552411000000575,24.19353409999985,30.54911160000006
44,236292,-1198.624705581312,-728.4875970826984,1509.9347218999999,0.0001948999999967782,6.354431199999908,24.333624299999883,30.688254799999868
45,966867,-1145.752425896716,-1089.3337345165633,1543.4716228999998,0.000423899999987043,5.50693410000008,23.97193110000012,29.479295400000183
46,144771,-808.1528008513415,-1529.6880698307968,1574.9421685,0.00035460000003695313,4.193999899999881,23.923956399999952,28.11831649999999
47,995984,-459.57342069962954,-438.9833767756122,1609.1301618,0.0003481000001102075,6.132103299999926,23.86838119999993,30.000840100000005
48,711324,-1007.9206429628305,168.8405215053117,1641.237427,0.0003081999998357787,5.157773899999938,23.178890499999852,28.33697989999996
49,10151136,1170.8975495153832,543.6714021519156,1673.7010386,0.00025739999978213746,5.112707,23.563529300000027,28.676500300000043
0,1039476,-113.86713125689312,473.77960785383084,44.8123537,0.00042280000000261,6.3557667,23.710967699999998,30.0671616
