model,reference_model,sec_condition,pixel_agreement_masked_mean,metric_type,n_pairs,conf_threshold
SegFormer-B0,SegFormer-B5,Sunset-FOGGY,0.7814033297170089,reference_clean_vs_model_adverse,9,0.6
SegFormer-B0,SegFormer-B5,Night-EXTRASUNNY,0.639735895573263,reference_clean_vs_model_adverse,12,0.6
SegFormer-B0,SegFormer-B5,Day-FOGGY,0.8761551749936448,reference_clean_vs_model_adverse,24,0.6
SegFormer-B0,SegFormer-B5,Day-RAIN,0.8923940803533261,reference_clean_vs_model_adverse,17,0.6
SegFormer-B0,SegFormer-B5,Sunset-RAIN,0.8802701228863256,reference_clean_vs_model_adverse,12,0.6
SegFormer-B0,SegFormer-B5,Night-FOGGY,0.7259420824169527,reference_clean_vs_model_adverse,9,0.6
SegFormer-B0,SegFormer-B5,Sunset-EXTRASUNNY,0.836501945420098,reference_clean_vs_model_adverse,11,0.6
SegFormer-B0,SegFormer-B5,Night-RAIN,0.6428371143027835,reference_clean_vs_model_adverse,7,0.6
SegFormer-B2,SegFormer-B5,Sunset-FOGGY,0.8617866742679531,reference_clean_vs_model_adverse,9,0.6
SegFormer-B2,SegFormer-B5,Night-EXTRASUNNY,0.7254244795041428,reference_clean_vs_model_adverse,12,0.6
SegFormer-B2,SegFormer-B5,Day-FOGGY,0.8843200883493286,reference_clean_vs_model_adverse,24,0.6
SegFormer-B2,SegFormer-B5,Day-RAIN,0.9026466379204685,reference_clean_vs_model_adverse,17,0.6
SegFormer-B2,SegFormer-B5,Sunset-RAIN,0.9001695720315318,reference_clean_vs_model_adverse,12,0.6
SegFormer-B2,SegFormer-B5,Night-FOGGY,0.7419434792458237,reference_clean_vs_model_adverse,9,0.6
SegFormer-B2,SegFormer-B5,Sunset-EXTRASUNNY,0.8837728580365326,reference_clean_vs_model_adverse,11,0.6
SegFormer-B2,SegFormer-B5,Night-RAIN,0.6006496043938949,reference_clean_vs_model_adverse,7,0.6
SegFormer-B5,SegFormer-B5,Sunset-FOGGY,0.8914255526090168,reference_clean_vs_model_adverse,9,0.6
SegFormer-B5,SegFormer-B5,Night-EXTRASUNNY,0.774198213200877,reference_clean_vs_model_adverse,12,0.6
SegFormer-B5,SegFormer-B5,Day-FOGGY,0.9463792082934653,reference_clean_vs_model_adverse,24,0.6
SegFormer-B5,SegFormer-B5,Day-RAIN,0.9350141850737024,reference_clean_vs_model_adverse,17,0.6
SegFormer-B5,SegFormer-B5,Sunset-RAIN,0.9399953349382854,reference_clean_vs_model_adverse,12,0.6
SegFormer-B5,SegFormer-B5,Night-FOGGY,0.7938054556147063,reference_clean_vs_model_adverse,9,0.6
SegFormer-B5,SegFormer-B5,Sunset-EXTRASUNNY,0.9415107815896822,reference_clean_vs_model_adverse,11,0.6
SegFormer-B5,SegFormer-B5,Night-RAIN,0.6327673726544097,reference_clean_vs_model_adverse,7,0.6
Mask2Former-Swin-S,SegFormer-B5,Sunset-FOGGY,0.8864324374753658,reference_clean_vs_model_adverse,9,0.6
Mask2Former-Swin-S,SegFormer-B5,Night-EXTRASUNNY,0.7942608528497032,reference_clean_vs_model_adverse,12,0.6
Mask2Former-Swin-S,SegFormer-B5,Day-FOGGY,0.8811985869860886,reference_clean_vs_model_adverse,24,0.6
Mask2Former-Swin-S,SegFormer-B5,Day-RAIN,0.882390325986691,reference_clean_vs_model_adverse,17,0.6
Mask2Former-Swin-S,SegFormer-B5,Sunset-RAIN,0.8900050151689686,reference_clean_vs_model_adverse,12,0.6
Mask2Former-Swin-S,SegFormer-B5,Night-FOGGY,0.7420546183106632,reference_clean_vs_model_adverse,9,0.6
Mask2Former-Swin-S,SegFormer-B5,Sunset-EXTRASUNNY,0.8919567572977706,reference_clean_vs_model_adverse,11,0.6
Mask2Former-Swin-S,SegFormer-B5,Night-RAIN,0.6176895212564151,reference_clean_vs_model_adverse,7,0.6
Mask2Former-Swin-L,SegFormer-B5,Sunset-FOGGY,0.8810039112703124,reference_clean_vs_model_adverse,9,0.6
Mask2Former-Swin-L,SegFormer-B5,Night-EXTRASUNNY,0.8739967522954842,reference_clean_vs_model_adverse,12,0.6
Mask2Former-Swin-L,SegFormer-B5,Day-FOGGY,0.8932146803672119,reference_clean_vs_model_adverse,24,0.6
Mask2Former-Swin-L,SegFormer-B5,Day-RAIN,0.8980943113756387,reference_clean_vs_model_adverse,17,0.6
Mask2Former-Swin-L,SegFormer-B5,Sunset-RAIN,0.9063140209553441,reference_clean_vs_model_adverse,12,0.6
Mask2Former-Swin-L,SegFormer-B5,Night-FOGGY,0.8145835397541445,reference_clean_vs_model_adverse,9,0.6
Mask2Former-Swin-L,SegFormer-B5,Sunset-EXTRASUNNY,0.9075093303052003,reference_clean_vs_model_adverse,11,0.6
Mask2Former-Swin-L,SegFormer-B5,Night-RAIN,0.7335903904801767,reference_clean_vs_model_adverse,7,0.6
DeepLabV3+-R101,SegFormer-B5,Sunset-FOGGY,0.8565709783145556,reference_clean_vs_model_adverse,9,0.6
DeepLabV3+-R101,SegFormer-B5,Night-EXTRASUNNY,0.7812255008240429,reference_clean_vs_model_adverse,12,0.6
DeepLabV3+-R101,SegFormer-B5,Day-FOGGY,0.870701242086875,reference_clean_vs_model_adverse,24,0.6
DeepLabV3+-R101,SegFormer-B5,Day-RAIN,0.8836440576005886,reference_clean_vs_model_adverse,17,0.6
DeepLabV3+-R101,SegFormer-B5,Sunset-RAIN,0.8863135764022937,reference_clean_vs_model_adverse,12,0.6
DeepLabV3+-R101,SegFormer-B5,Night-FOGGY,0.7493902566513785,reference_clean_vs_model_adverse,9,0.6
DeepLabV3+-R101,SegFormer-B5,Sunset-EXTRASUNNY,0.8868036999732876,reference_clean_vs_model_adverse,11,0.6
DeepLabV3+-R101,SegFormer-B5,Night-RAIN,0.6060365850077043,reference_clean_vs_model_adverse,7,0.6
PIDNet-M,SegFormer-B5,Sunset-FOGGY,0.6693215433135093,reference_clean_vs_model_adverse,9,0.6
PIDNet-M,SegFormer-B5,Night-EXTRASUNNY,0.5177581039476977,reference_clean_vs_model_adverse,12,0.6
PIDNet-M,SegFormer-B5,Day-FOGGY,0.8156213786633817,reference_clean_vs_model_adverse,24,0.6
PIDNet-M,SegFormer-B5,Day-RAIN,0.7987803994270337,reference_clean_vs_model_adverse,17,0.6
PIDNet-M,SegFormer-B5,Sunset-RAIN,0.7932439640766584,reference_clean_vs_model_adverse,12,0.6
PIDNet-M,SegFormer-B5,Night-FOGGY,0.4534984967292175,reference_clean_vs_model_adverse,9,0.6
PIDNet-M,SegFormer-B5,Sunset-EXTRASUNNY,0.6535575541898336,reference_clean_vs_model_adverse,11,0.6
PIDNet-M,SegFormer-B5,Night-RAIN,0.43556497409240286,reference_clean_vs_model_adverse,7,0.6
DDRNet-23,SegFormer-B5,Sunset-FOGGY,0.25870088217658843,reference_clean_vs_model_adverse,9,0.6
DDRNet-23,SegFormer-B5,Night-EXTRASUNNY,0.3486327745521567,reference_clean_vs_model_adverse,12,0.6
DDRNet-23,SegFormer-B5,Day-FOGGY,0.6696021095203982,reference_clean_vs_model_adverse,24,0.6
DDRNet-23,SegFormer-B5,Day-RAIN,0.6375308698624607,reference_clean_vs_model_adverse,17,0.6
DDRNet-23,SegFormer-B5,Sunset-RAIN,0.33584202103363997,reference_clean_vs_model_adverse,12,0.6
DDRNet-23,SegFormer-B5,Night-FOGGY,0.27276004191772274,reference_clean_vs_model_adverse,9,0.6
DDRNet-23,SegFormer-B5,Sunset-EXTRASUNNY,0.3015242896083236,reference_clean_vs_model_adverse,11,0.6
DDRNet-23,SegFormer-B5,Night-RAIN,0.3036741156697134,reference_clean_vs_model_adverse,7,0.6
