model,reference_model,class_id,class_name,retention_masked_global,mass_clean_masked_global,mass_reference_masked_global,metric_type,conf_threshold
SegFormer-B0,SegFormer-B5,0,road,0.9393164487466527,55167948.0,55167948.0,reference_clean_vs_model_adverse,0.6
SegFormer-B0,SegFormer-B5,1,sidewalk,0.4696195387168161,5598730.0,5598730.0,reference_clean_vs_model_adverse,0.6
SegFormer-B0,SegFormer-B5,2,building,0.8517056147072458,26891126.0,26891126.0,reference_clean_vs_model_adverse,0.6
SegFormer-B0,SegFormer-B5,3,wall,0.4570627645875417,3889072.0,3889072.0,reference_clean_vs_model_adverse,0.6
SegFormer-B0,SegFormer-B5,4,fence,0.5671177771687147,2338747.0,2338747.0,reference_clean_vs_model_adverse,0.6
SegFormer-B0,SegFormer-B5,5,pole,0.4530882941795949,1930467.0,1930467.0,reference_clean_vs_model_adverse,0.6
SegFormer-B0,SegFormer-B5,6,traffic light,0.2517381418639189,76087.0,76087.0,reference_clean_vs_model_adverse,0.6
SegFormer-B0,SegFormer-B5,7,traffic sign,0.4370012643273157,241235.0,241235.0,reference_clean_vs_model_adverse,0.6
SegFormer-B0,SegFormer-B5,8,vegetation,0.8316377177051913,25085874.0,25085874.0,reference_clean_vs_model_adverse,0.6
SegFormer-B0,SegFormer-B5,9,terrain,0.45300853363368004,3009855.0,3009855.0,reference_clean_vs_model_adverse,0.6
SegFormer-B0,SegFormer-B5,10,sky,0.7561109611846734,49620631.0,49620631.0,reference_clean_vs_model_adverse,0.6
SegFormer-B0,SegFormer-B5,11,person,0.34938865129297086,165781.0,165781.0,reference_clean_vs_model_adverse,0.6
SegFormer-B0,SegFormer-B5,12,rider,0.5819534506716072,34544.0,34544.0,reference_clean_vs_model_adverse,0.6
SegFormer-B0,SegFormer-B5,13,car,0.7872033656208548,4239099.0,4239099.0,reference_clean_vs_model_adverse,0.6
SegFormer-B0,SegFormer-B5,14,truck,0.2538406573776349,470232.0,470232.0,reference_clean_vs_model_adverse,0.6
SegFormer-B0,SegFormer-B5,15,bus,0.0,2544.0,2544.0,reference_clean_vs_model_adverse,0.6
SegFormer-B0,SegFormer-B5,16,train,0.3159497378970089,25944.0,25944.0,reference_clean_vs_model_adverse,0.6
SegFormer-B0,SegFormer-B5,17,motorcycle,0.4268013007016943,29215.0,29215.0,reference_clean_vs_model_adverse,0.6
SegFormer-B0,SegFormer-B5,18,bicycle,0.1360771625289436,65213.0,65213.0,reference_clean_vs_model_adverse,0.6
SegFormer-B2,SegFormer-B5,0,road,0.9756777431707266,55167948.0,55167948.0,reference_clean_vs_model_adverse,0.6
SegFormer-B2,SegFormer-B5,1,sidewalk,0.4509219055035696,5598730.0,5598730.0,reference_clean_vs_model_adverse,0.6
SegFormer-B2,SegFormer-B5,2,building,0.8730700603611764,26891126.0,26891126.0,reference_clean_vs_model_adverse,0.6
SegFormer-B2,SegFormer-B5,3,wall,0.42109737232944006,3889072.0,3889072.0,reference_clean_vs_model_adverse,0.6
SegFormer-B2,SegFormer-B5,4,fence,0.5894917235596667,2338747.0,2338747.0,reference_clean_vs_model_adverse,0.6
SegFormer-B2,SegFormer-B5,5,pole,0.6179256107460008,1930467.0,1930467.0,reference_clean_vs_model_adverse,0.6
SegFormer-B2,SegFormer-B5,6,traffic light,0.5671665330476954,76087.0,76087.0,reference_clean_vs_model_adverse,0.6
SegFormer-B2,SegFormer-B5,7,traffic sign,0.5043049308765312,241235.0,241235.0,reference_clean_vs_model_adverse,0.6
SegFormer-B2,SegFormer-B5,8,vegetation,0.8387189539419675,25085874.0,25085874.0,reference_clean_vs_model_adverse,0.6
SegFormer-B2,SegFormer-B5,9,terrain,0.4882311606373064,3009855.0,3009855.0,reference_clean_vs_model_adverse,0.6
SegFormer-B2,SegFormer-B5,10,sky,0.783910244914056,49620631.0,49620631.0,reference_clean_vs_model_adverse,0.6
SegFormer-B2,SegFormer-B5,11,person,0.5977464244997919,165781.0,165781.0,reference_clean_vs_model_adverse,0.6
SegFormer-B2,SegFormer-B5,12,rider,0.739028485409912,34544.0,34544.0,reference_clean_vs_model_adverse,0.6
SegFormer-B2,SegFormer-B5,13,car,0.8372331007131468,4239099.0,4239099.0,reference_clean_vs_model_adverse,0.6
SegFormer-B2,SegFormer-B5,14,truck,0.533447319620953,470232.0,470232.0,reference_clean_vs_model_adverse,0.6
SegFormer-B2,SegFormer-B5,15,bus,0.0,2544.0,2544.0,reference_clean_vs_model_adverse,0.6
SegFormer-B2,SegFormer-B5,16,train,0.5700740055504163,25944.0,25944.0,reference_clean_vs_model_adverse,0.6
SegFormer-B2,SegFormer-B5,17,motorcycle,0.16481259626903988,29215.0,29215.0,reference_clean_vs_model_adverse,0.6
SegFormer-B2,SegFormer-B5,18,bicycle,0.5790716574916044,65213.0,65213.0,reference_clean_vs_model_adverse,0.6
SegFormer-B5,SegFormer-B5,0,road,0.9744139296244986,55167948.0,55167948.0,reference_clean_vs_model_adverse,0.6
SegFormer-B5,SegFormer-B5,1,sidewalk,0.6955881065884585,5598730.0,5598730.0,reference_clean_vs_model_adverse,0.6
SegFormer-B5,SegFormer-B5,2,building,0.9259763239367514,26891126.0,26891126.0,reference_clean_vs_model_adverse,0.6
SegFormer-B5,SegFormer-B5,3,wall,0.6495192169237288,3889072.0,3889072.0,reference_clean_vs_model_adverse,0.6
SegFormer-B5,SegFormer-B5,4,fence,0.8198655091807707,2338747.0,2338747.0,reference_clean_vs_model_adverse,0.6
SegFormer-B5,SegFormer-B5,5,pole,0.7330428336770326,1930467.0,1930467.0,reference_clean_vs_model_adverse,0.6
SegFormer-B5,SegFormer-B5,6,traffic light,0.5937545178545612,76087.0,76087.0,reference_clean_vs_model_adverse,0.6
SegFormer-B5,SegFormer-B5,7,traffic sign,0.6658901071569217,241235.0,241235.0,reference_clean_vs_model_adverse,0.6
SegFormer-B5,SegFormer-B5,8,vegetation,0.8945660812934004,25085874.0,25085874.0,reference_clean_vs_model_adverse,0.6
SegFormer-B5,SegFormer-B5,9,terrain,0.6250806101955078,3009855.0,3009855.0,reference_clean_vs_model_adverse,0.6
SegFormer-B5,SegFormer-B5,10,sky,0.8138499891305292,49620631.0,49620631.0,reference_clean_vs_model_adverse,0.6
SegFormer-B5,SegFormer-B5,11,person,0.8391311428933352,165781.0,165781.0,reference_clean_vs_model_adverse,0.6
SegFormer-B5,SegFormer-B5,12,rider,0.8281611857341362,34544.0,34544.0,reference_clean_vs_model_adverse,0.6
SegFormer-B5,SegFormer-B5,13,car,0.9411941075214332,4239099.0,4239099.0,reference_clean_vs_model_adverse,0.6
SegFormer-B5,SegFormer-B5,14,truck,0.7296015583796934,470232.0,470232.0,reference_clean_vs_model_adverse,0.6
SegFormer-B5,SegFormer-B5,15,bus,0.46108490566037735,2544.0,2544.0,reference_clean_vs_model_adverse,0.6
SegFormer-B5,SegFormer-B5,16,train,0.39589115016959603,25944.0,25944.0,reference_clean_vs_model_adverse,0.6
SegFormer-B5,SegFormer-B5,17,motorcycle,0.711346910833476,29215.0,29215.0,reference_clean_vs_model_adverse,0.6
SegFormer-B5,SegFormer-B5,18,bicycle,0.7439314247159309,65213.0,65213.0,reference_clean_vs_model_adverse,0.6
Mask2Former-Swin-S,SegFormer-B5,0,road,0.9570705801854367,55167948.0,55167948.0,reference_clean_vs_model_adverse,0.6
Mask2Former-Swin-S,SegFormer-B5,1,sidewalk,0.4807241999524892,5598730.0,5598730.0,reference_clean_vs_model_adverse,0.6
Mask2Former-Swin-S,SegFormer-B5,2,building,0.8456894664805037,26891126.0,26891126.0,reference_clean_vs_model_adverse,0.6
Mask2Former-Swin-S,SegFormer-B5,3,wall,0.48714191971760873,3889072.0,3889072.0,reference_clean_vs_model_adverse,0.6
Mask2Former-Swin-S,SegFormer-B5,4,fence,0.5968828607797252,2338747.0,2338747.0,reference_clean_vs_model_adverse,0.6
Mask2Former-Swin-S,SegFormer-B5,5,pole,0.5861954646207368,1930467.0,1930467.0,reference_clean_vs_model_adverse,0.6
Mask2Former-Swin-S,SegFormer-B5,6,traffic light,0.593688803606398,76087.0,76087.0,reference_clean_vs_model_adverse,0.6
Mask2Former-Swin-S,SegFormer-B5,7,traffic sign,0.37312164486911104,241235.0,241235.0,reference_clean_vs_model_adverse,0.6
Mask2Former-Swin-S,SegFormer-B5,8,vegetation,0.8038111408835108,25085874.0,25085874.0,reference_clean_vs_model_adverse,0.6
Mask2Former-Swin-S,SegFormer-B5,9,terrain,0.7205536479332061,3009855.0,3009855.0,reference_clean_vs_model_adverse,0.6
Mask2Former-Swin-S,SegFormer-B5,10,sky,0.8471851154008904,49620631.0,49620631.0,reference_clean_vs_model_adverse,0.6
Mask2Former-Swin-S,SegFormer-B5,11,person,0.6510758168909585,165781.0,165781.0,reference_clean_vs_model_adverse,0.6
Mask2Former-Swin-S,SegFormer-B5,12,rider,0.5927512737378416,34544.0,34544.0,reference_clean_vs_model_adverse,0.6
Mask2Former-Swin-S,SegFormer-B5,13,car,0.7403870492290933,4239099.0,4239099.0,reference_clean_vs_model_adverse,0.6
Mask2Former-Swin-S,SegFormer-B5,14,truck,0.7963494615423876,470232.0,470232.0,reference_clean_vs_model_adverse,0.6
Mask2Former-Swin-S,SegFormer-B5,15,bus,0.0,2544.0,2544.0,reference_clean_vs_model_adverse,0.6
Mask2Former-Swin-S,SegFormer-B5,16,train,0.2796022201665125,25944.0,25944.0,reference_clean_vs_model_adverse,0.6
Mask2Former-Swin-S,SegFormer-B5,17,motorcycle,0.5197330138627417,29215.0,29215.0,reference_clean_vs_model_adverse,0.6
Mask2Former-Swin-S,SegFormer-B5,18,bicycle,0.3276493950592673,65213.0,65213.0,reference_clean_vs_model_adverse,0.6
Mask2Former-Swin-L,SegFormer-B5,0,road,0.9727968493589793,55167948.0,55167948.0,reference_clean_vs_model_adverse,0.6
Mask2Former-Swin-L,SegFormer-B5,1,sidewalk,0.5205952064128829,5598730.0,5598730.0,reference_clean_vs_model_adverse,0.6
Mask2Former-Swin-L,SegFormer-B5,2,building,0.8435303155397806,26891126.0,26891126.0,reference_clean_vs_model_adverse,0.6
Mask2Former-Swin-L,SegFormer-B5,3,wall,0.5338744049994446,3889072.0,3889072.0,reference_clean_vs_model_adverse,0.6
Mask2Former-Swin-L,SegFormer-B5,4,fence,0.5913987276092711,2338747.0,2338747.0,reference_clean_vs_model_adverse,0.6
Mask2Former-Swin-L,SegFormer-B5,5,pole,0.6174640643947812,1930467.0,1930467.0,reference_clean_vs_model_adverse,0.6
Mask2Former-Swin-L,SegFormer-B5,6,traffic light,0.47177573041386833,76087.0,76087.0,reference_clean_vs_model_adverse,0.6
Mask2Former-Swin-L,SegFormer-B5,7,traffic sign,0.5816237279001804,241235.0,241235.0,reference_clean_vs_model_adverse,0.6
Mask2Former-Swin-L,SegFormer-B5,8,vegetation,0.8410963476895403,25085874.0,25085874.0,reference_clean_vs_model_adverse,0.6
Mask2Former-Swin-L,SegFormer-B5,9,terrain,0.7552167795458585,3009855.0,3009855.0,reference_clean_vs_model_adverse,0.6
Mask2Former-Swin-L,SegFormer-B5,10,sky,0.9049996159863425,49620631.0,49620631.0,reference_clean_vs_model_adverse,0.6
Mask2Former-Swin-L,SegFormer-B5,11,person,0.7372497451457043,165781.0,165781.0,reference_clean_vs_model_adverse,0.6
Mask2Former-Swin-L,SegFormer-B5,12,rider,0.7290701713756369,34544.0,34544.0,reference_clean_vs_model_adverse,0.6
Mask2Former-Swin-L,SegFormer-B5,13,car,0.9151222936760854,4239099.0,4239099.0,reference_clean_vs_model_adverse,0.6
Mask2Former-Swin-L,SegFormer-B5,14,truck,0.5245772299630821,470232.0,470232.0,reference_clean_vs_model_adverse,0.6
Mask2Former-Swin-L,SegFormer-B5,15,bus,0.0,2544.0,2544.0,reference_clean_vs_model_adverse,0.6
Mask2Former-Swin-L,SegFormer-B5,16,train,0.06093894542090657,25944.0,25944.0,reference_clean_vs_model_adverse,0.6
Mask2Former-Swin-L,SegFormer-B5,17,motorcycle,0.6594899880198528,29215.0,29215.0,reference_clean_vs_model_adverse,0.6
Mask2Former-Swin-L,SegFormer-B5,18,bicycle,0.26914878935181635,65213.0,65213.0,reference_clean_vs_model_adverse,0.6
DeepLabV3+-R101,SegFormer-B5,0,road,0.9753536056842281,55167948.0,55167948.0,reference_clean_vs_model_adverse,0.6
DeepLabV3+-R101,SegFormer-B5,1,sidewalk,0.4800531549119175,5598730.0,5598730.0,reference_clean_vs_model_adverse,0.6
DeepLabV3+-R101,SegFormer-B5,2,building,0.8243721367413176,26891126.0,26891126.0,reference_clean_vs_model_adverse,0.6
DeepLabV3+-R101,SegFormer-B5,3,wall,0.323957231956621,3889072.0,3889072.0,reference_clean_vs_model_adverse,0.6
DeepLabV3+-R101,SegFormer-B5,4,fence,0.46567841669064675,2338747.0,2338747.0,reference_clean_vs_model_adverse,0.6
DeepLabV3+-R101,SegFormer-B5,5,pole,0.5835986836345817,1930467.0,1930467.0,reference_clean_vs_model_adverse,0.6
DeepLabV3+-R101,SegFormer-B5,6,traffic light,0.6998173143901061,76087.0,76087.0,reference_clean_vs_model_adverse,0.6
DeepLabV3+-R101,SegFormer-B5,7,traffic sign,0.40091611913694114,241235.0,241235.0,reference_clean_vs_model_adverse,0.6
DeepLabV3+-R101,SegFormer-B5,8,vegetation,0.8652384604977287,25085874.0,25085874.0,reference_clean_vs_model_adverse,0.6
DeepLabV3+-R101,SegFormer-B5,9,terrain,0.27779909663422325,3009855.0,3009855.0,reference_clean_vs_model_adverse,0.6
DeepLabV3+-R101,SegFormer-B5,10,sky,0.8236904524652257,49620631.0,49620631.0,reference_clean_vs_model_adverse,0.6
DeepLabV3+-R101,SegFormer-B5,11,person,0.7313262677870203,165781.0,165781.0,reference_clean_vs_model_adverse,0.6
DeepLabV3+-R101,SegFormer-B5,12,rider,0.6057202408522464,34544.0,34544.0,reference_clean_vs_model_adverse,0.6
DeepLabV3+-R101,SegFormer-B5,13,car,0.8139578717081153,4239099.0,4239099.0,reference_clean_vs_model_adverse,0.6
DeepLabV3+-R101,SegFormer-B5,14,truck,0.3413485258340564,470232.0,470232.0,reference_clean_vs_model_adverse,0.6
DeepLabV3+-R101,SegFormer-B5,15,bus,0.0,2544.0,2544.0,reference_clean_vs_model_adverse,0.6
DeepLabV3+-R101,SegFormer-B5,16,train,0.07427536231884058,25944.0,25944.0,reference_clean_vs_model_adverse,0.6
DeepLabV3+-R101,SegFormer-B5,17,motorcycle,0.7301728564093788,29215.0,29215.0,reference_clean_vs_model_adverse,0.6
DeepLabV3+-R101,SegFormer-B5,18,bicycle,0.18191158204652447,65213.0,65213.0,reference_clean_vs_model_adverse,0.6
PIDNet-M,SegFormer-B5,0,road,0.8796386445259845,55167948.0,55167948.0,reference_clean_vs_model_adverse,0.6
PIDNet-M,SegFormer-B5,1,sidewalk,0.21205559117871375,5598730.0,5598730.0,reference_clean_vs_model_adverse,0.6
PIDNet-M,SegFormer-B5,2,building,0.7315226963720299,26891126.0,26891126.0,reference_clean_vs_model_adverse,0.6
PIDNet-M,SegFormer-B5,3,wall,0.235115729407941,3889072.0,3889072.0,reference_clean_vs_model_adverse,0.6
PIDNet-M,SegFormer-B5,4,fence,0.23055636201778132,2338747.0,2338747.0,reference_clean_vs_model_adverse,0.6
PIDNet-M,SegFormer-B5,5,pole,0.406866317839155,1930467.0,1930467.0,reference_clean_vs_model_adverse,0.6
PIDNet-M,SegFormer-B5,6,traffic light,0.5602271084416524,76087.0,76087.0,reference_clean_vs_model_adverse,0.6
PIDNet-M,SegFormer-B5,7,traffic sign,0.2874085435363857,241235.0,241235.0,reference_clean_vs_model_adverse,0.6
PIDNet-M,SegFormer-B5,8,vegetation,0.7859628091889483,25085874.0,25085874.0,reference_clean_vs_model_adverse,0.6
PIDNet-M,SegFormer-B5,9,terrain,0.08297110658154629,3009855.0,3009855.0,reference_clean_vs_model_adverse,0.6
PIDNet-M,SegFormer-B5,10,sky,0.5753805710370753,49620631.0,49620631.0,reference_clean_vs_model_adverse,0.6
PIDNet-M,SegFormer-B5,11,person,0.6899644711999565,165781.0,165781.0,reference_clean_vs_model_adverse,0.6
PIDNet-M,SegFormer-B5,12,rider,0.4562586845761927,34544.0,34544.0,reference_clean_vs_model_adverse,0.6
PIDNet-M,SegFormer-B5,13,car,0.4757409534431727,4239099.0,4239099.0,reference_clean_vs_model_adverse,0.6
PIDNet-M,SegFormer-B5,14,truck,0.5239179809115501,470232.0,470232.0,reference_clean_vs_model_adverse,0.6
PIDNet-M,SegFormer-B5,15,bus,0.0,2544.0,2544.0,reference_clean_vs_model_adverse,0.6
PIDNet-M,SegFormer-B5,16,train,0.35804039469626886,25944.0,25944.0,reference_clean_vs_model_adverse,0.6
PIDNet-M,SegFormer-B5,17,motorcycle,0.5612527811055964,29215.0,29215.0,reference_clean_vs_model_adverse,0.6
PIDNet-M,SegFormer-B5,18,bicycle,0.163663686688237,65213.0,65213.0,reference_clean_vs_model_adverse,0.6
DDRNet-23,SegFormer-B5,0,road,0.378880251264738,55167948.0,55167948.0,reference_clean_vs_model_adverse,0.6
DDRNet-23,SegFormer-B5,1,sidewalk,0.06068697722519214,5598730.0,5598730.0,reference_clean_vs_model_adverse,0.6
DDRNet-23,SegFormer-B5,2,building,0.8961877609736386,26891126.0,26891126.0,reference_clean_vs_model_adverse,0.6
DDRNet-23,SegFormer-B5,3,wall,0.02490542731016551,3889072.0,3889072.0,reference_clean_vs_model_adverse,0.6
DDRNet-23,SegFormer-B5,4,fence,0.025101902856529586,2338747.0,2338747.0,reference_clean_vs_model_adverse,0.6
DDRNet-23,SegFormer-B5,5,pole,0.2301660686248457,1930467.0,1930467.0,reference_clean_vs_model_adverse,0.6
DDRNet-23,SegFormer-B5,6,traffic light,0.520732845295517,76087.0,76087.0,reference_clean_vs_model_adverse,0.6
DDRNet-23,SegFormer-B5,7,traffic sign,0.26391278214189484,241235.0,241235.0,reference_clean_vs_model_adverse,0.6
DDRNet-23,SegFormer-B5,8,vegetation,0.685557298103307,25085874.0,25085874.0,reference_clean_vs_model_adverse,0.6
DDRNet-23,SegFormer-B5,9,terrain,0.018743760081465718,3009855.0,3009855.0,reference_clean_vs_model_adverse,0.6
DDRNet-23,SegFormer-B5,10,sky,0.28653339777158415,49620631.0,49620631.0,reference_clean_vs_model_adverse,0.6
DDRNet-23,SegFormer-B5,11,person,0.3849596757167589,165781.0,165781.0,reference_clean_vs_model_adverse,0.6
DDRNet-23,SegFormer-B5,12,rider,0.5848193608151923,34544.0,34544.0,reference_clean_vs_model_adverse,0.6
DDRNet-23,SegFormer-B5,13,car,0.6268398072326219,4239099.0,4239099.0,reference_clean_vs_model_adverse,0.6
DDRNet-23,SegFormer-B5,14,truck,0.17309753483386925,470232.0,470232.0,reference_clean_vs_model_adverse,0.6
DDRNet-23,SegFormer-B5,15,bus,0.0,2544.0,2544.0,reference_clean_vs_model_adverse,0.6
DDRNet-23,SegFormer-B5,16,train,0.0,25944.0,25944.0,reference_clean_vs_model_adverse,0.6
DDRNet-23,SegFormer-B5,17,motorcycle,0.48396371726852644,29215.0,29215.0,reference_clean_vs_model_adverse,0.6
DDRNet-23,SegFormer-B5,18,bicycle,0.00018401239016760463,65213.0,65213.0,reference_clean_vs_model_adverse,0.6
